id_paciente,data_nascimento,idade,data_admissao,data_alta,tempo_internacao_dias,internacoes_anteriores,servico,readmissao_30d
101,1944-08-21,81,2026-03-01,2026-03-13,12,0,Cardiologia,0
102,1992-02-15,34,2026-03-22,2026-03-30,8,0,Clínica Médica,0
103,1984-01-15,42,2026-05-14,2026-05-19,5,0,Neurologia,1
104,1978-09-22,47,2026-03-23,2026-03-24,1,1,Ortopedia,0
105,1938-10-14,87,2026-04-11,2026-04-16,5,2,Cardiologia,0
106,1938-06-24,87,2026-04-01,2026-04-08,8,1,Clínica Médica,0
107,1965-05-10,60,2026-03-26,2026-04-04,9,2,Neurologia,0
108,1948-11-10,77,2026-04-15,2026-04-21,6,0,Ortopedia,0
109,1963-11-25,62,2026-05-09,2026-05-16,7,1,Cardiologia,0
110,1939-10-08,86,2026-05-09,2026-05-16,,1,Clínica Médica,0
111,1968-02-09,58,2026-04-20,2026-05-04,14,2,Neurologia,0
112,1956-03-31,70,2026-05-13,2026-05-15,2,0,Ortopedia,0
113,1964-04-16,61,2026-04-01,2026-04-07,6,3,Cardiologia,1
114,1991-10-22,34,2026-04-11,2026-04-13,2,1,Clínica Médica,0
115,1991-06-04,34,2026-04-24,2026-05-03,9,1,Neurologia,0
116,1972-12-24,53,2026-04-25,2026-04-28,3,2,Ortopedia,0
117,1945-09-07,80,2026-03-22,2026-04-01,10,0,Cardiologia,0
118,1980-08-01,45,2026-03-13,2026-03-19,6,0,Clínica Médica,0
119,1942-05-12,83,2026-03-25,2026-03-29,5,0,Neurologia,0
120,1947-11-08,78,2026-05-15,2026-05-16,1,4,Ortopedia,0
121,1960-07-11,65,2026-05-08,2026-05-15,7,6,Cardiologia,0
122,1984-06-08,41,2026-04-27,2026-05-07,10,5,Clínica Médica,0
123,1945-12-04,80,2026-04-07,2026-04-13,6,0,Neurologia,0
124,1949-08-12,76,2026-04-12,2026-04-16,4,2,Ortopedia,0
125,1972-09-27,53,2026-04-02,2026-04-14,12,3,Cardiologia,0
126,1961-06-18,64,2026-05-04,2026-05-09,5,0,Clínica Médica,0
127,1986-06-20,39,2026-04-08,2026-04-11,3,5,Neurologia,0
128,1953-09-09,72,2026-04-23,2026-05-01,8,0,Ortopedia,0
129,1948-03-24,78,2026-05-10,2026-05-21,11,0,Cardiologia,1
130,1967-11-02,58,2026-04-17,2026-04-21,4,1,Clínica Médica,0
131,1981-11-19,44,2026-05-01,2026-05-05,4,0,Neurologia,0
132,1979-01-14,47,2026-04-29,2026-05-07,8,0,Ortopedia,1
133,1958-12-29,67,2026-03-15,2026-03-22,7,0,Cardiologia,0
134,1941-01-03,85,2026-04-23,2026-05-02,,1,Clínica Médica,0
135,1947-02-15,79,2026-05-01,2026-05-07,6,6,Neurologia,0
136,2003-07-16,22,2026-03-01,2026-03-04,3,1,Ortopedia,1
137,1980-12-11,45,2026-03-18,2026-04-01,14,2,Cardiologia,0
138,1979-09-28,46,2026-03-22,2026-03-27,5,4,Clínica Médica,0
139,1954-07-20,71,2026-03-12,2026-03-24,12,3,Neurologia,1
140,1946-09-25,79,2026-03-12,2026-03-20,8,2,Ortopedia,1
141,1937-06-21,88,2026-05-13,2026-05-22,9,4,Cardiologia,0
142,1951-01-03,75,2026-03-14,2026-03-21,8,0,Clínica Médica,0
143,1961-11-13,64,2026-03-26,2026-04-10,15,0,Neurologia,0
144,1993-12-14,32,2026-04-13,2026-04-18,5,2,Ortopedia,0
145,1973-07-04,52,2026-05-09,2026-05-16,7,6,Cardiologia,1
146,1965-03-19,61,2026-05-05,2026-05-13,8,1,Clínica Médica,0
147,1976-09-06,49,2026-05-05,2026-05-14,9,0,Neurologia,0
148,2001-01-23,25,2026-03-03,2026-03-06,3,0,Ortopedia,0
149,1951-06-06,74,2026-04-28,2026-05-10,12,0,Cardiologia,0
150,1958-05-13,67,2026-04-01,2026-04-12,11,0,Clínica Médica,1
151,1987-04-12,38,2026-03-20,2026-03-24,4,4,Neurologia,0
152,1951-10-24,74,2026-04-15,2026-04-16,1,0,Ortopedia,0
153,1974-06-04,51,2026-05-08,2026-05-13,5,0,Cardiologia,0
154,1965-05-09,60,2026-04-07,2026-04-10,3,1,Clínica Médica,1
155,1967-06-05,58,2026-05-14,2026-05-22,8,2,Neurologia,1
156,1996-11-12,29,2026-04-08,2026-04-11,3,0,Ortopedia,0
157,1945-04-23,80,2026-03-24,2026-03-30,6,0,Cardiologia,0
158,1983-03-20,43,2026-05-08,2026-05-19,11,0,Clínica Médica,0
159,1957-11-10,68,2026-03-10,2026-03-17,7,4,Neurologia,0
160,1948-07-03,77,2026-03-24,2026-03-25,1,5,Ortopedia,1
